Order-Id,Item-id,Product-Id,Quantity,Sales-Id,Customer-Id,Sales-Price-Per-Prod,Market-Segment
0,0,6,25,1,28,65,retail
1,1,12,21,7,1,103,software
2,2,3,29,6,24,196,retail
3,3,3,18,4,6,215,education
4,4,2,5,9,24,211,retail
5,5,8,10,7,25,201,realestate
6,6,6,22,9,6,49,financial
7,7,13,28,6,21,134,financial
8,8,15,26,0,0,214,software
9,9,6,13,2,14,56,education
10,10,3,10,3,28,200,pharmaceutical
11,11,16,17,6,9,151,software
12,12,18,8,8,18,84,education
13,13,0,13,0,11,122,pharmaceutical
14,14,13,28,3,1,116,education
15,15,19,9,9,14,86,education
16,16,6,2,5,7,82,realestate
17,17,16,1,1,12,152,realestate
18,18,9,15,4,24,91,software
19,19,8,15,0,11,190,financial
20,20,5,8,9,8,137,software
21,21,19,4,0,15,99,pharmaceutical
22,22,6,6,1,27,66,realestate
23,23,19,6,6,23,89,pharmaceutical
24,24,19,5,5,8,74,pharmaceutical
25,25,7,21,7,17,123,financial
26,26,0,23,0,20,122,software
27,27,15,13,0,5,181,education
28,28,8,14,3,13,154,realestate
29,29,15,21,1,9,207,retail
30,30,7,21,9,27,136,realestate
31,31,10,7,3,3,124,pharmaceutical
32,32,9,16,6,0,55,education
33,33,13,17,6,21,116,realestate
34,34,12,20,1,1,80,retail
35,35,4,27,0,1,169,financial
36,36,16,20,6,20,149,pharmaceutical
37,37,12,26,2,5,97,pharmaceutical
38,38,19,9,5,3,103,retail
39,39,4,27,9,0,156,pharmaceutical
40,40,18,23,4,8,96,financial
41,41,16,5,6,12,148,education
42,42,12,5,4,5,81,pharmaceutical
43,43,16,29,8,25,153,retail
44,44,2,25,0,8,203,financial
45,45,19,19,5,19,83,financial
46,46,7,5,4,25,127,pharmaceutical
47,47,0,0,1,6,121,realestate
48,48,10,26,9,16,138,software
49,49,5,12,1,2,109,education
50,50,15,6,4,13,211,software
51,51,15,19,9,16,209,financial
52,52,18,19,6,15,83,education
53,53,16,1,2,10,149,pharmaceutical
54,54,7,14,5,21,144,financial
55,55,14,11,0,9,191,realestate
56,56,3,29,0,15,172,financial
57,57,14,6,7,13,194,financial
58,58,16,17,6,18,149,realestate
59,59,5,5,0,19,108,retail
60,60,17,22,0,16,194,software
61,61,12,22,0,22,78,pharmaceutical
62,62,15,11,4,29,187,education
63,63,4,24,4,25,146,software
64,64,15,4,0,15,199,realestate
65,65,12,24,2,6,87,software
66,66,19,5,0,28,76,realestate
67,67,18,20,5,5,94,realestate
68,68,8,22,9,14,124,realestate
69,69,7,18,3,9,135,pharmaceutical
70,70,7,17,2,0,119,pharmaceutical
71,71,13,20,5,25,102,realestate
72,72,3,29,6,11,175,education
73,73,1,20,7,11,188,financial
74,74,18,22,4,1,59,pharmaceutical
75,75,10,17,4,5,90,pharmaceutical
76,76,14,16,6,23,181,financial
77,77,18,10,7,13,101,software
78,78,1,5,0,15,226,retail
79,79,12,13,1,9,78,pharmaceutical
80,80,16,15,6,26,156,financial
81,81,11,11,9,1,125,financial
82,82,3,1,1,15,198,education
83,83,17,14,3,0,202,software
84,84,4,1,7,29,139,software
85,85,17,28,6,27,201,financial
86,86,12,17,1,29,88,pharmaceutical
87,87,5,28,6,7,96,financial
88,88,9,2,0,19,68,retail
89,89,10,11,8,13,136,financial
90,90,18,8,4,24,52,realestate
91,91,4,8,8,24,190,software
92,92,19,24,3,14,103,pharmaceutical
93,93,18,28,2,15,54,retail
94,94,8,29,2,18,173,financial
95,95,10,11,8,28,151,financial
96,96,14,12,5,23,181,education
97,97,13,20,7,18,89,software
98,98,9,8,7,14,94,education
99,99,5,1,7,10,109,realestate
100,100,7,20,6,28,161,realestate
101,101,16,21,0,21,158,pharmaceutical
102,102,10,13,3,23,159,retail
103,103,15,20,0,8,199,retail
104,104,16,16,4,3,154,realestate
105,105,1,5,3,11,161,retail
106,106,10,4,6,22,119,education
107,107,18,20,4,27,81,software
108,108,0,7,1,0,123,retail
109,109,8,6,6,26,141,retail
110,110,6,16,5,5,77,education
111,111,2,29,3,0,203,pharmaceutical
112,112,8,16,3,27,137,software
113,113,16,4,1,3,149,financial
114,114,17,7,6,26,200,education
115,115,14,12,5,9,193,education
116,116,5,18,8,20,126,software
117,117,11,8,8,1,101,pharmaceutical
118,118,14,28,6,22,180,retail
119,119,15,28,6,1,216,retail
120,120,11,22,0,12,130,financial
121,121,19,26,3,5,101,financial
122,122,8,1,7,8,174,financial
123,123,7,8,7,25,167,retail
124,124,15,1,7,26,182,realestate
125,125,14,16,2,27,196,realestate
126,126,7,9,9,1,125,education
127,127,1,12,8,7,198,retail
128,128,8,3,2,18,124,retail
129,129,16,1,9,11,146,education
130,130,0,18,9,1,120,software
131,131,2,28,1,8,218,realestate
132,132,9,19,4,5,75,realestate
133,133,7,20,7,14,153,realestate
134,134,8,29,8,29,196,retail
135,135,7,27,2,22,125,pharmaceutical
136,136,3,2,6,13,173,pharmaceutical
137,137,12,7,1,4,109,education
138,138,15,19,8,24,208,retail
139,139,1,24,9,14,164,software
140,140,15,11,5,21,197,financial
141,141,14,4,6,15,180,software
142,142,16,23,7,4,153,education
143,143,3,27,4,11,193,financial
144,144,2,10,0,25,215,realestate
145,145,5,21,1,6,140,realestate
146,146,9,26,0,0,88,retail
147,147,11,2,9,15,112,education
148,148,0,13,7,27,119,software
149,149,13,18,2,11,129,financial
150,150,0,17,6,21,120,software
151,151,14,16,2,15,199,software
152,152,15,2,2,11,190,pharmaceutical
153,153,0,29,6,19,122,software
154,154,17,23,0,15,185,financial
155,155,13,4,5,24,121,software
156,156,9,23,0,10,60,retail
157,157,10,3,6,25,119,financial
158,158,12,27,7,15,89,retail
159,159,9,18,6,18,73,pharmaceutical
160,160,15,0,5,20,206,education
161,161,16,2,8,19,161,pharmaceutical
162,162,3,16,0,17,208,realestate
163,163,11,5,4,0,122,retail
164,164,9,13,2,7,83,retail
165,165,1,0,5,14,169,software
166,166,17,25,3,22,202,retail
167,167,12,22,5,8,94,software
168,168,11,14,7,2,100,software
169,169,9,18,3,12,83,financial
170,170,5,22,9,4,100,pharmaceutical
171,171,9,8,0,11,73,pharmaceutical
172,172,17,16,9,6,197,realestate
173,173,19,5,1,17,115,software
174,174,5,0,8,0,113,education
175,175,7,15,7,24,134,financial
176,176,10,12,1,26,136,pharmaceutical
177,177,2,23,4,23,209,pharmaceutical
178,178,16,13,6,27,157,pharmaceutical
179,179,3,13,4,9,176,realestate
180,180,3,14,1,10,204,education
181,181,16,26,4,24,146,education
182,182,16,6,5,29,156,education
183,183,7,25,0,0,138,financial
184,184,19,23,4,3,90,realestate
185,185,3,12,1,4,214,financial
186,186,9,23,6,3,55,realestate
187,187,16,22,9,4,150,retail
188,188,16,28,5,2,162,pharmaceutical
189,189,13,27,9,26,94,software
190,190,7,10,4,28,122,education
191,191,17,26,2,25,189,retail
192,192,17,0,8,17,194,financial
193,193,19,15,8,3,95,software
194,194,6,28,5,5,66,realestate
195,195,10,25,5,24,133,financial
196,196,8,22,4,22,150,realestate
197,197,10,23,6,27,153,pharmaceutical
198,198,12,27,2,6,93,software
199,199,15,16,5,14,208,pharmaceutical
200,200,11,10,6,24,109,financial
201,201,2,0,1,13,201,software
202,202,13,10,5,28,138,retail
203,203,8,6,6,4,201,retail
204,204,10,10,1,8,120,software
205,205,0,12,3,10,119,education
206,206,10,5,4,27,122,pharmaceutical
207,207,1,2,0,14,178,retail
208,208,12,1,1,22,95,education
209,209,11,11,6,0,109,retail
210,210,17,11,8,21,194,education
211,211,13,5,7,20,117,realestate
212,212,2,17,2,1,219,software
213,213,19,22,3,1,87,software
214,214,4,26,9,14,151,financial
215,215,9,26,2,2,99,financial
216,216,14,4,3,3,181,retail
217,217,3,7,9,22,215,education
218,218,9,11,4,19,50,retail
219,219,8,11,5,24,152,software
220,220,5,18,3,9,123,retail
221,221,8,10,6,3,153,retail
222,222,3,7,0,20,174,software
223,223,10,9,6,3,159,pharmaceutical
224,224,16,19,7,17,160,software
225,225,3,13,1,15,211,education
226,226,18,15,0,13,89,pharmaceutical
227,227,14,14,1,15,186,pharmaceutical
228,228,5,1,7,16,115,education
229,229,8,15,4,15,141,education
230,230,10,13,1,7,120,pharmaceutical
231,231,12,8,8,0,89,retail
232,232,5,29,7,2,93,software
233,233,17,3,6,29,187,software
234,234,13,24,5,1,112,financial
235,235,1,15,9,14,226,retail
236,236,15,15,1,29,215,realestate
237,237,4,3,0,21,153,retail
238,238,3,8,1,17,210,software
239,239,2,26,7,3,218,software
240,240,0,6,5,21,119,pharmaceutical
241,241,8,21,5,18,118,realestate
242,242,16,4,2,21,161,education
243,243,11,5,5,6,106,realestate
244,244,18,5,6,24,81,education
245,245,2,28,6,25,199,realestate
246,246,1,3,0,9,218,pharmaceutical
247,247,18,14,5,7,55,education
248,248,8,4,4,22,130,realestate
249,249,19,0,6,12,86,realestate
250,250,12,8,3,0,107,realestate
251,251,15,27,0,14,197,pharmaceutical
252,252,11,15,1,17,132,realestate
253,253,2,3,3,18,213,financial
254,254,17,18,3,27,191,realestate
255,255,12,7,4,21,86,realestate
256,256,6,14,0,28,80,retail
257,257,9,8,0,12,72,software
258,258,18,20,2,16,61,retail
259,259,19,1,2,16,112,realestate
260,260,9,11,1,1,78,pharmaceutical
261,261,13,22,6,9,142,education
262,262,15,14,6,18,195,pharmaceutical
263,263,11,28,9,5,128,education
264,264,4,28,7,9,192,retail
265,265,4,22,8,9,173,software
266,266,19,24,0,11,119,pharmaceutical
267,267,16,3,4,18,155,pharmaceutical
268,268,4,19,8,1,193,realestate
269,269,19,24,2,7,74,retail
270,270,12,24,4,12,85,financial
271,271,17,18,1,0,186,financial
272,272,10,4,9,12,137,retail
273,273,9,15,4,20,71,pharmaceutical
274,274,2,15,5,15,216,education
275,275,5,11,3,14,113,pharmaceutical
276,276,7,20,0,12,146,retail
277,277,6,3,2,25,40,financial
278,278,18,3,4,17,80,education
279,279,19,29,5,6,90,pharmaceutical
280,280,12,9,1,22,87,realestate
281,281,4,23,6,20,179,pharmaceutical
282,282,14,19,3,24,190,software
283,283,3,16,5,13,191,retail
284,284,11,5,0,10,127,retail
285,285,8,1,9,19,198,realestate
286,286,17,9,5,25,205,education
287,287,2,6,1,1,215,education
288,288,17,4,3,26,204,software
289,289,18,24,0,3,56,software
290,290,2,15,8,17,203,software
291,291,9,26,1,7,43,pharmaceutical
292,292,11,18,2,16,132,pharmaceutical
293,293,9,24,1,21,103,realestate
294,294,10,24,3,25,155,retail
295,295,7,14,8,13,164,realestate
296,296,0,22,5,29,123,realestate
297,297,1,15,3,27,211,pharmaceutical
298,298,7,9,3,14,140,education
299,299,17,28,5,20,200,financial
300,300,12,21,2,0,93,education
301,301,18,14,7,1,82,retail
302,302,4,17,3,17,160,realestate
303,303,15,3,0,11,188,financial
304,304,6,21,4,3,56,education
305,305,9,17,5,14,81,financial
306,306,5,19,5,15,126,education
307,307,9,3,8,27,88,software
308,308,16,22,3,4,149,retail
309,309,2,10,5,26,200,retail
310,310,5,2,5,29,128,realestate
311,311,15,20,6,4,189,education
312,312,8,4,8,13,192,realestate
313,313,19,27,5,18,89,software
314,314,12,6,7,29,90,realestate
315,315,2,16,0,16,213,pharmaceutical
316,316,8,7,9,12,191,realestate
317,317,8,8,5,11,201,financial
318,318,19,26,6,10,88,pharmaceutical
319,319,5,23,1,13,109,realestate
320,320,16,27,3,0,147,financial
321,321,12,12,7,0,100,realestate
322,322,2,5,3,12,217,realestate
323,323,4,2,1,11,170,pharmaceutical
324,324,8,13,3,18,161,financial
325,325,3,17,0,23,189,software
326,326,5,4,0,15,93,pharmaceutical
327,327,17,19,5,18,190,financial
328,328,16,2,1,9,159,retail
329,329,17,8,0,2,199,pharmaceutical
330,330,15,26,7,22,185,software
331,331,8,12,0,10,208,realestate
332,332,19,9,6,22,82,software
333,333,0,0,9,4,122,education
334,334,13,7,3,16,114,retail
335,335,16,16,0,14,150,education
336,336,8,22,5,20,200,financial
337,337,18,10,1,17,89,retail
338,338,3,20,4,11,196,software
339,339,12,1,6,9,96,financial
340,340,13,13,2,13,122,retail
341,341,11,16,4,9,96,software
342,342,0,0,1,8,122,realestate
343,343,3,25,8,21,180,retail
344,344,19,14,4,10,107,education
345,345,2,10,4,29,200,software
346,346,17,23,5,20,201,pharmaceutical
347,347,18,9,4,3,86,financial
348,348,7,21,4,18,127,education
349,349,1,19,1,17,228,retail
350,350,11,1,7,15,99,education
351,351,5,25,8,26,130,retail
352,352,18,24,5,14,77,realestate
353,353,4,15,5,10,164,retail
354,354,15,23,8,9,179,realestate
355,355,9,23,0,28,82,software
356,356,7,8,6,25,129,pharmaceutical
357,357,15,10,9,4,191,pharmaceutical
358,358,2,28,7,28,210,realestate
359,359,16,14,7,28,162,pharmaceutical
360,360,6,18,1,2,41,financial
361,361,4,1,1,28,164,financial
362,362,9,25,7,18,47,software
363,363,1,3,3,9,159,pharmaceutical
364,364,2,8,0,22,211,financial
365,365,9,1,6,23,52,realestate
366,366,13,17,6,12,123,financial
367,367,0,3,1,10,119,pharmaceutical
368,368,16,6,7,8,156,education
369,369,2,17,2,28,204,software
370,370,0,9,5,17,119,software
371,371,7,6,6,4,124,pharmaceutical
372,372,12,27,8,19,95,retail
373,373,16,10,0,12,162,financial
374,374,0,8,4,26,121,education
375,375,15,3,5,13,187,pharmaceutical
376,376,17,4,6,20,189,realestate
377,377,18,14,7,3,88,realestate
378,378,5,27,2,21,126,software
379,379,18,17,6,28,101,education
380,380,3,25,3,19,194,pharmaceutical
381,381,12,29,8,16,89,education
382,382,4,13,6,12,161,education
383,383,1,20,6,26,160,pharmaceutical
384,384,13,3,7,26,96,education
385,385,2,21,3,20,200,financial
386,386,4,2,6,5,177,financial
387,387,7,15,3,5,147,pharmaceutical
388,388,5,22,2,23,104,financial
389,389,14,3,1,29,179,pharmaceutical
390,390,10,16,4,15,111,financial
391,391,9,13,4,17,73,pharmaceutical
392,392,1,27,2,21,172,financial
393,393,6,28,2,28,79,realestate
394,394,17,12,0,3,188,software
395,395,5,1,9,28,123,realestate
396,396,17,19,0,29,205,pharmaceutical
397,397,6,19,0,14,79,financial
398,398,12,1,0,12,100,financial
399,399,10,27,7,24,127,financial
400,400,3,3,9,20,195,retail
401,401,15,26,6,29,192,retail
402,402,18,13,8,16,71,retail
403,403,17,6,3,23,200,financial
404,404,18,6,3,8,66,education
405,405,5,3,1,24,140,education
406,406,17,1,6,2,187,retail
407,407,11,10,4,19,97,realestate
408,408,14,23,6,18,181,retail
409,409,7,18,2,3,132,software
410,410,12,2,0,10,100,retail
411,411,14,22,3,26,186,pharmaceutical
412,412,13,27,6,10,133,software
413,413,0,6,7,0,120,financial
414,414,11,2,2,20,100,education
415,415,10,8,8,12,125,financial
416,416,16,16,1,1,157,realestate
417,417,14,14,2,26,186,pharmaceutical
418,418,9,10,6,22,48,retail
419,419,13,20,6,28,94,pharmaceutical
420,420,5,9,5,22,108,realestate
421,421,3,23,7,29,217,realestate
422,422,0,7,7,21,121,realestate
423,423,8,2,1,11,120,financial
424,424,13,1,7,10,111,financial
425,425,11,29,6,4,107,pharmaceutical
426,426,9,8,7,13,100,financial
427,427,3,10,0,17,169,realestate
428,428,11,21,9,16,136,retail
429,429,2,8,1,13,219,software
430,430,16,13,0,10,146,realestate
431,431,14,3,1,0,194,software
432,432,11,10,8,22,118,software
433,433,19,2,6,14,108,pharmaceutical
434,434,11,27,2,10,94,pharmaceutical
435,435,17,24,4,7,192,financial
436,436,9,22,9,12,87,financial
437,437,15,20,6,11,196,realestate
438,438,7,13,1,19,125,retail
439,439,2,19,9,17,202,financial
440,440,1,4,9,7,215,education
441,441,17,17,0,4,187,pharmaceutical
442,442,11,20,6,5,130,retail
443,443,11,26,2,28,93,pharmaceutical
444,444,5,21,1,11,115,realestate
445,445,14,23,4,4,198,financial
446,446,4,0,5,15,155,education
447,447,16,18,8,22,146,software
448,448,2,16,9,8,212,software
449,449,7,29,8,22,166,software
450,450,19,6,9,9,119,education
451,451,5,0,8,5,139,realestate
452,452,12,28,3,18,103,software
453,453,2,23,3,15,216,realestate
454,454,2,27,0,28,218,realestate
455,455,8,4,9,16,180,software
456,456,6,2,2,5,67,education
457,457,19,27,5,18,109,pharmaceutical
458,458,19,15,3,26,118,retail
459,459,3,24,8,27,198,financial
460,460,5,28,8,14,99,retail
461,461,10,1,9,20,143,realestate
462,462,11,26,6,27,128,retail
463,463,2,28,1,20,210,retail
464,464,17,27,5,1,200,realestate
465,465,3,19,3,5,208,realestate
466,466,3,13,2,9,213,financial
467,467,14,10,2,28,183,financial
468,468,17,18,6,24,187,realestate
469,469,5,8,0,28,119,software
470,470,9,26,8,10,90,pharmaceutical
471,471,12,1,2,8,85,financial
472,472,12,15,6,11,104,financial
473,473,7,7,3,18,157,realestate
474,474,16,5,2,4,154,realestate
475,475,7,13,9,28,149,financial
476,476,6,12,0,9,50,retail
477,477,0,14,6,16,120,pharmaceutical
478,478,3,26,8,23,171,financial
479,479,14,3,3,4,185,education
480,480,17,2,3,11,199,financial
481,481,11,24,2,24,119,realestate
482,482,5,29,4,11,135,financial
483,483,11,3,3,16,91,financial
484,484,18,28,5,18,90,retail
485,485,12,27,4,28,91,realestate
486,486,10,6,4,7,152,realestate
487,487,14,2,0,4,194,retail
488,488,4,6,5,12,145,pharmaceutical
489,489,10,4,1,14,139,pharmaceutical
490,490,10,17,1,12,114,pharmaceutical
491,491,5,21,0,29,130,realestate
492,492,10,5,1,24,115,financial
493,493,5,16,4,3,96,financial
494,494,14,28,3,5,182,realestate
495,495,4,15,2,27,193,realestate
496,496,1,11,7,12,172,software
497,497,7,15,2,26,145,education
498,498,0,13,1,13,120,financial
499,499,17,4,9,5,187,retail
500,500,5,14,0,9,136,pharmaceutical
501,501,12,23,9,3,93,retail
502,502,12,24,5,16,94,retail
503,503,3,19,9,6,193,realestate
504,504,18,11,9,3,93,education
505,505,3,12,3,13,177,financial
506,506,14,27,8,9,192,financial
507,507,4,27,3,22,183,software
508,508,8,16,7,13,199,realestate
509,509,17,21,6,28,203,financial
510,510,8,28,3,20,176,financial
511,511,5,28,2,21,140,pharmaceutical
512,512,16,8,7,3,150,pharmaceutical
513,513,8,15,7,6,163,education
514,514,7,23,6,3,154,pharmaceutical
515,515,13,13,1,18,98,pharmaceutical
516,516,14,9,4,12,179,retail
517,517,0,27,5,13,121,education
518,518,17,12,7,17,203,financial
519,519,6,29,4,29,39,financial
520,520,11,17,5,10,105,realestate
521,521,8,24,6,18,167,education
522,522,6,14,4,27,47,retail
523,523,5,24,9,11,134,pharmaceutical
524,524,19,4,6,5,83,realestate
525,525,8,20,3,19,180,education
526,526,13,19,6,10,100,financial
527,527,5,7,7,17,105,financial
528,528,4,12,4,20,154,retail
529,529,11,19,2,11,96,pharmaceutical
530,530,12,17,7,28,98,realestate
531,531,11,22,2,9,128,realestate
532,532,14,8,4,12,178,financial
533,533,15,28,8,27,212,education
534,534,8,1,7,15,171,realestate
535,535,17,28,6,7,189,realestate
536,536,7,9,6,0,162,pharmaceutical
537,537,16,6,3,17,146,software
538,538,14,18,1,10,192,education
539,539,13,29,6,29,138,retail
540,540,4,29,6,17,194,software
541,541,7,12,3,25,151,software
542,542,6,23,2,20,80,pharmaceutical
543,543,8,27,7,0,201,education
544,544,11,4,0,11,124,software
545,545,12,3,0,1,91,realestate
546,546,5,17,8,28,127,financial
547,547,12,20,5,8,104,retail
548,548,8,27,0,25,140,software
549,549,15,8,1,4,184,education
550,550,7,18,0,3,133,pharmaceutical
551,551,16,3,6,25,147,education
552,552,3,28,1,21,188,pharmaceutical
553,553,8,16,7,16,203,retail
554,554,4,28,1,10,135,financial
555,555,11,11,1,27,98,financial
556,556,11,22,6,26,127,realestate
557,557,2,20,4,17,199,financial
558,558,0,28,5,4,122,pharmaceutical
559,559,0,15,9,18,122,realestate
560,560,4,14,2,6,176,retail
561,561,7,25,0,6,154,retail
562,562,10,26,6,10,121,financial
563,563,13,17,8,14,95,realestate
564,564,15,1,2,3,212,education
565,565,18,0,4,19,90,software
566,566,1,28,0,12,164,software
567,567,3,27,8,12,173,pharmaceutical
568,568,15,9,8,12,199,realestate
569,569,9,26,9,18,62,software
570,570,2,20,9,26,214,pharmaceutical
571,571,14,15,2,10,178,pharmaceutical
572,572,6,1,4,29,62,financial
573,573,14,13,1,27,192,software
574,574,2,17,7,27,208,retail
575,575,17,23,4,5,204,pharmaceutical
576,576,10,22,3,12,135,realestate
577,577,5,19,3,10,124,pharmaceutical
578,578,16,20,2,6,156,education
579,579,13,10,7,27,101,financial
580,580,9,13,5,13,100,realestate
581,581,16,11,4,1,161,education
582,582,8,24,6,20,199,software
583,583,3,7,8,28,215,realestate
584,584,12,29,8,13,110,retail
585,585,4,19,4,14,162,software
586,586,7,16,3,13,148,financial
587,587,8,23,6,18,129,financial
588,588,19,14,7,7,83,software
589,589,15,4,7,10,189,retail
590,590,18,27,8,21,101,financial
591,591,6,12,7,29,60,financial
592,592,7,14,5,28,152,financial
593,593,15,10,1,12,216,software
594,594,2,26,1,10,211,education
595,595,13,23,4,22,114,financial
596,596,9,21,0,6,45,retail
597,597,6,27,3,14,60,realestate
598,598,10,0,1,20,132,education
599,599,16,9,7,14,162,software
600,600,10,4,4,26,145,education
601,601,0,27,5,10,121,education
602,602,5,5,8,11,112,software
603,603,19,22,1,23,78,education
604,604,17,14,4,7,194,pharmaceutical
605,605,14,18,8,16,195,financial
606,606,16,10,1,10,149,retail
607,607,10,6,8,18,143,software
608,608,1,7,8,15,215,financial
609,609,5,21,8,29,129,education
610,610,3,8,5,26,217,software
611,611,15,5,0,2,219,realestate
612,612,1,25,2,22,234,realestate
613,613,4,28,6,5,160,education
614,614,15,20,7,8,195,education
615,615,19,27,8,15,91,retail
616,616,2,16,4,11,212,financial
617,617,18,19,9,6,51,financial
618,618,11,0,0,16,94,realestate
619,619,6,10,8,27,62,financial
620,620,18,24,8,16,75,software
621,621,8,3,9,24,133,pharmaceutical
622,622,9,8,3,16,90,realestate
623,623,3,1,5,23,212,pharmaceutical
624,624,15,2,8,10,178,realestate
625,625,7,26,1,4,130,retail
626,626,9,5,7,28,77,retail
627,627,17,19,9,6,199,financial
628,628,4,9,7,7,194,realestate
629,629,10,3,6,13,109,realestate
630,630,9,29,6,12,62,education
631,631,9,27,3,21,94,pharmaceutical
632,632,12,16,4,27,82,education
633,633,15,29,6,17,210,software
634,634,7,25,7,5,130,retail
635,635,4,22,1,5,186,retail
636,636,18,12,3,19,95,retail
637,637,12,26,0,23,103,software
638,638,11,7,5,24,109,financial
639,639,15,1,9,8,193,retail
640,640,12,2,1,24,90,financial
641,641,18,29,5,11,95,retail
642,642,2,24,3,8,209,software
643,643,18,7,6,27,68,financial
644,644,3,2,3,3,214,retail
645,645,2,14,2,12,209,retail
646,646,10,19,6,4,139,software
647,647,2,10,0,0,204,realestate
648,648,17,15,5,6,192,retail
649,649,11,2,9,6,130,realestate
650,650,12,14,7,21,97,financial
651,651,11,21,0,0,119,pharmaceutical
652,652,9,5,1,12,50,education
653,653,4,11,5,16,141,financial
654,654,11,5,8,15,140,retail
655,655,6,21,6,20,40,education
656,656,10,10,0,13,122,pharmaceutical
657,657,2,19,2,8,216,software
658,658,10,18,5,4,98,retail
659,659,0,13,9,11,122,software
660,660,10,4,4,22,92,financial
661,661,15,25,0,7,191,pharmaceutical
662,662,16,29,1,29,162,financial
663,663,10,20,8,21,89,retail
664,664,2,12,3,19,208,retail
665,665,11,22,8,23,119,software
666,666,5,29,1,7,113,financial
667,667,1,18,7,29,180,retail
668,668,12,22,0,22,84,pharmaceutical
669,669,4,4,8,13,164,software
670,670,9,21,9,9,63,education
671,671,13,28,7,3,93,realestate
672,672,3,3,8,21,182,retail
673,673,5,4,5,5,92,software
674,674,2,7,5,16,204,retail
675,675,6,9,6,1,68,realestate
676,676,4,19,3,6,179,software
677,677,10,16,0,16,118,software
678,678,14,29,0,16,184,realestate
679,679,6,26,8,7,48,realestate
680,680,5,7,8,11,126,education
681,681,7,0,2,4,139,pharmaceutical
682,682,7,27,3,14,153,realestate
683,683,18,0,9,14,91,financial
684,684,16,8,0,19,157,software
685,685,0,19,7,28,121,retail
686,686,0,3,9,9,119,retail
687,687,0,21,2,12,122,software
688,688,6,27,2,6,86,realestate
689,689,10,16,5,25,157,pharmaceutical
690,690,1,28,6,22,186,software
691,691,18,27,7,15,79,financial
692,692,18,0,3,28,95,realestate
693,693,8,6,8,21,181,pharmaceutical
694,694,4,0,0,14,162,realestate
695,695,2,7,6,21,218,pharmaceutical
696,696,2,24,8,11,208,education
697,697,12,21,1,6,81,financial
698,698,14,8,8,8,191,realestate
699,699,11,16,9,15,140,financial
700,700,7,8,0,25,126,software
701,701,4,20,0,3,139,realestate
702,702,4,15,5,27,157,software
703,703,4,20,8,13,135,pharmaceutical
704,704,14,10,7,29,195,pharmaceutical
705,705,6,29,8,13,52,financial
706,706,2,11,7,24,206,education
707,707,3,1,1,26,181,education
708,708,7,1,8,11,143,pharmaceutical
709,709,5,8,2,8,95,financial
710,710,14,9,7,4,182,realestate
711,711,11,2,2,21,106,retail
712,712,14,20,8,2,181,realestate
713,713,10,6,9,0,137,pharmaceutical
714,714,7,28,7,14,136,retail
715,715,19,2,7,23,106,retail
716,716,10,1,2,9,91,education
717,717,19,11,6,17,81,education
718,718,10,25,0,17,98,software
719,719,13,28,9,6,99,retail
720,720,9,0,4,4,97,software
721,721,9,14,0,25,49,software
722,722,14,2,4,26,199,education
723,723,8,9,9,6,201,retail
724,724,18,11,6,9,89,pharmaceutical
725,725,13,5,4,18,138,education
726,726,8,12,5,26,112,education
727,727,14,17,2,3,181,software
728,728,5,12,7,20,122,retail
729,729,6,3,9,21,78,software
730,730,10,6,0,18,133,financial
731,731,9,27,2,26,80,financial
732,732,13,18,1,2,139,education
733,733,15,12,2,16,198,software
734,734,9,20,4,1,72,pharmaceutical
735,735,16,16,0,11,159,education
736,736,17,15,4,8,200,financial
737,737,5,11,0,2,108,realestate
738,738,2,15,0,24,204,pharmaceutical
739,739,9,10,7,27,103,realestate
740,740,9,19,4,6,79,financial
741,741,6,17,6,4,57,software
742,742,1,29,3,20,213,education
743,743,3,1,4,3,194,education
744,744,0,15,2,22,120,software
745,745,4,17,0,6,156,pharmaceutical
746,746,16,7,9,11,155,retail
747,747,3,0,6,12,204,financial
748,748,3,20,5,9,214,software
749,749,17,24,1,11,196,financial
750,750,7,10,1,2,167,realestate
751,751,4,3,0,6,146,software
752,752,5,3,8,28,111,retail
753,753,17,23,0,7,202,retail
754,754,14,15,7,19,187,retail
755,755,12,20,9,19,100,retail
756,756,10,16,2,5,130,retail
757,757,19,16,7,27,74,pharmaceutical
758,758,10,26,2,11,118,realestate
759,759,18,14,8,13,74,pharmaceutical
760,760,7,7,2,10,154,software
761,761,1,4,3,25,162,realestate
762,762,17,0,4,4,200,education
763,763,2,2,7,28,219,financial
764,764,3,14,0,22,213,realestate
765,765,6,28,5,9,62,realestate
766,766,4,19,9,11,177,software
767,767,0,25,1,12,122,financial
768,768,12,13,0,10,99,realestate
769,769,17,3,2,24,198,retail
770,770,18,6,7,25,54,pharmaceutical
771,771,1,14,9,21,220,education
772,772,13,9,2,3,124,education
773,773,17,1,1,29,196,financial
774,774,2,12,6,12,218,realestate
775,775,8,12,9,21,178,software
776,776,16,1,0,4,153,pharmaceutical
777,777,13,15,3,8,97,software
778,778,7,19,0,7,143,realestate
779,779,12,26,5,24,95,software
780,780,8,23,6,23,144,realestate
781,781,3,3,5,27,169,pharmaceutical
782,782,0,8,4,7,119,realestate
783,783,18,12,1,12,75,software
784,784,16,10,2,22,161,retail
785,785,8,1,9,23,141,education
786,786,0,17,6,7,120,retail
787,787,12,20,3,27,85,education
788,788,3,27,5,11,165,pharmaceutical
789,789,5,1,2,19,138,retail
790,790,16,24,9,24,159,pharmaceutical
791,791,9,21,4,12,92,realestate
792,792,4,7,4,24,193,education
793,793,17,28,3,0,199,pharmaceutical
794,794,0,24,6,12,121,retail
795,795,16,29,1,21,153,software
796,796,12,20,3,22,89,realestate
797,797,3,28,2,17,183,realestate
798,798,4,13,4,2,147,financial
799,799,17,26,2,26,194,realestate
800,800,15,1,7,3,196,education
801,801,4,22,4,6,159,financial
802,802,7,20,7,5,161,financial
803,803,13,20,4,12,122,software
804,804,12,8,9,1,95,retail
805,805,15,4,8,18,179,education
806,806,14,13,8,29,198,realestate
807,807,10,10,1,21,110,education
808,808,8,13,2,20,127,pharmaceutical
809,809,1,20,6,1,172,realestate
810,810,15,9,6,12,183,retail
811,811,0,10,6,19,121,education
812,812,5,14,0,21,129,financial
813,813,4,28,1,27,177,realestate
814,814,17,23,0,20,185,financial
815,815,11,8,9,2,100,retail
816,816,0,0,4,23,122,software
817,817,11,13,3,22,135,realestate
818,818,1,1,0,26,172,financial
819,819,15,6,3,21,208,software
820,820,5,18,1,27,92,software
821,821,16,27,3,29,154,realestate
822,822,11,16,4,0,111,retail
823,823,4,26,0,1,172,realestate
824,824,1,27,8,25,221,realestate
825,825,6,27,9,21,72,financial
826,826,14,29,4,13,196,realestate
827,827,15,4,7,15,203,software
828,828,5,17,4,9,129,retail
829,829,6,18,0,22,54,retail
830,830,3,22,8,11,199,pharmaceutical
831,831,18,16,1,9,67,realestate
832,832,6,25,6,24,38,pharmaceutical
833,833,13,16,6,22,102,retail
834,834,8,6,5,26,147,pharmaceutical
835,835,15,28,9,23,207,retail
836,836,1,12,9,5,160,pharmaceutical
837,837,12,5,8,20,88,pharmaceutical
838,838,17,7,3,7,200,pharmaceutical
839,839,14,24,4,29,181,education
840,840,9,0,3,19,64,software
841,841,0,13,3,29,123,education
842,842,12,22,4,4,93,software
843,843,10,24,1,20,114,realestate
844,844,17,20,5,20,187,financial
845,845,1,16,1,3,191,retail
846,846,14,13,0,12,195,financial
847,847,14,17,9,14,194,education
848,848,19,13,8,1,115,realestate
849,849,6,5,9,24,67,retail
850,850,19,28,8,0,71,education
851,851,4,13,0,11,181,realestate
852,852,15,5,9,18,196,education
853,853,19,27,3,1,108,pharmaceutical
854,854,7,17,1,3,160,retail
855,855,18,22,4,8,75,education
856,856,4,11,2,25,154,realestate
857,857,12,0,0,1,105,education
858,858,11,20,7,13,103,software
859,859,5,17,9,0,135,realestate
860,860,1,7,6,29,193,education
861,861,17,21,6,17,202,financial
862,862,3,6,6,2,210,financial
863,863,12,20,6,24,82,financial
864,864,1,21,2,12,225,realestate
865,865,15,23,5,3,196,pharmaceutical
866,866,13,7,6,6,134,pharmaceutical
867,867,14,20,3,29,181,software
868,868,13,9,2,1,87,pharmaceutical
869,869,7,7,5,0,135,software
870,870,11,0,5,17,118,financial
871,871,12,23,3,26,80,pharmaceutical
872,872,8,22,5,4,138,education
873,873,5,24,7,19,124,education
874,874,14,26,1,18,179,pharmaceutical
875,875,18,4,4,11,92,software
876,876,12,7,5,6,87,pharmaceutical
877,877,9,11,0,20,63,retail
878,878,7,19,8,6,142,realestate
879,879,12,20,0,4,92,financial
880,880,8,27,3,5,116,financial
881,881,13,10,7,19,135,pharmaceutical
882,882,8,26,8,21,140,retail
883,883,2,3,8,7,201,software
884,884,2,20,0,12,208,pharmaceutical
885,885,15,9,0,22,198,realestate
886,886,15,15,8,10,216,software
887,887,5,11,4,29,134,retail
888,888,10,29,9,19,134,software
889,889,10,12,8,18,123,pharmaceutical
890,890,0,12,9,5,123,pharmaceutical
891,891,8,4,0,22,207,software
892,892,6,20,4,12,84,realestate
893,893,19,13,2,2,78,pharmaceutical
894,894,1,6,0,6,165,realestate
895,895,15,11,1,13,216,realestate
896,896,9,18,5,14,95,education
897,897,8,18,3,23,154,realestate
898,898,15,5,3,18,213,realestate
899,899,7,14,5,20,163,pharmaceutical
900,900,15,29,5,19,186,software
901,901,4,9,2,7,150,education
902,902,7,18,4,26,126,financial
903,903,16,20,1,3,150,realestate
904,904,7,2,9,8,155,retail
905,905,18,23,2,27,83,education
906,906,2,29,8,8,210,financial
907,907,0,22,4,26,123,retail
908,908,11,29,8,17,91,realestate
909,909,4,7,8,3,183,software
910,910,3,26,7,29,196,retail
911,911,13,5,9,0,131,education
912,912,15,14,5,28,214,pharmaceutical
913,913,4,28,9,9,136,financial
914,914,19,21,9,29,96,education
915,915,14,2,8,22,190,realestate
916,916,13,19,8,21,134,pharmaceutical
917,917,3,11,9,0,206,financial
918,918,1,6,9,25,185,realestate
919,919,19,4,2,13,87,software
920,920,8,6,6,20,132,financial
921,921,14,13,6,29,190,pharmaceutical
922,922,16,29,9,14,156,pharmaceutical
923,923,18,29,7,12,102,realestate
924,924,12,4,0,18,79,pharmaceutical
925,925,5,25,6,20,105,retail
926,926,8,29,7,1,178,retail
927,927,15,14,0,14,189,financial
928,928,16,12,0,20,155,education
929,929,10,12,2,8,144,retail
930,930,16,15,9,8,159,realestate
931,931,16,24,9,20,153,education
932,932,16,22,8,9,159,software
933,933,3,21,2,28,206,pharmaceutical
934,934,18,14,2,26,77,education
935,935,5,10,2,20,117,education
936,936,11,14,8,15,110,pharmaceutical
937,937,5,26,9,0,134,pharmaceutical
938,938,19,1,0,28,83,realestate
939,939,0,12,9,8,121,retail
940,940,10,2,7,16,156,realestate
941,941,7,19,2,13,140,retail
942,942,15,9,7,26,211,realestate
943,943,4,19,6,20,171,pharmaceutical
944,944,3,9,7,26,196,software
945,945,19,25,3,12,90,financial
946,946,9,20,9,7,71,software
947,947,17,2,9,19,192,financial
948,948,4,10,3,16,135,software
949,949,15,2,5,4,194,software
950,950,7,19,0,14,136,pharmaceutical
951,951,16,15,3,26,162,pharmaceutical
952,952,4,12,3,8,154,pharmaceutical
953,953,6,19,4,10,80,software
954,954,15,18,9,6,178,education
955,955,17,20,2,17,204,retail
956,956,12,21,2,6,97,education
957,957,5,4,5,1,132,retail
958,958,6,21,9,23,85,software
959,959,15,0,4,6,220,education
960,960,7,8,0,9,160,retail
961,961,2,8,3,26,207,realestate
962,962,2,22,3,17,216,software
963,963,10,16,0,10,88,pharmaceutical
964,964,16,17,7,11,157,financial
965,965,9,13,1,6,48,pharmaceutical
966,966,5,10,6,20,128,financial
967,967,0,0,1,15,119,pharmaceutical
968,968,1,20,0,25,187,software
969,969,0,9,8,16,120,software
970,970,9,5,9,16,65,realestate
971,971,18,8,2,12,58,education
972,972,8,13,9,9,171,education
973,973,17,4,1,27,204,realestate
974,974,15,8,3,15,216,pharmaceutical
975,975,18,15,8,14,89,software
976,976,6,8,4,29,52,pharmaceutical
977,977,1,28,4,20,159,education
978,978,16,3,8,17,148,education
979,979,4,25,1,17,168,financial
980,980,9,22,0,21,55,software
981,981,12,7,5,22,95,retail
982,982,18,22,5,23,77,realestate
983,983,17,26,5,26,205,pharmaceutical
984,984,12,12,4,20,81,realestate
985,985,15,1,8,7,215,pharmaceutical
986,986,9,28,4,15,53,software
987,987,4,6,8,29,179,financial
988,988,6,0,1,18,61,software
989,989,19,6,5,6,114,education
990,990,13,25,3,12,93,realestate
991,991,8,4,7,4,135,pharmaceutical
992,992,11,23,9,0,133,software
993,993,8,25,0,11,203,software
994,994,13,25,6,14,124,pharmaceutical
995,995,2,18,7,12,206,realestate
996,996,14,18,1,28,178,retail
997,997,14,18,2,0,199,retail
998,998,13,8,5,0,86,education
999,999,13,11,4,21,106,software
1000,1000,7,8,0,3,160,education
1001,1001,17,22,7,9,188,education
1002,1002,5,5,9,2,128,software
1003,1003,7,8,0,0,156,pharmaceutical
1004,1004,2,14,4,14,201,software
1005,1005,3,27,3,18,194,financial
1006,1006,18,15,9,11,70,retail
1007,1007,19,2,3,4,88,financial
1008,1008,15,0,8,21,180,financial
1009,1009,8,22,6,25,125,realestate
1010,1010,18,10,9,15,53,realestate
1011,1011,17,15,9,12,202,realestate
1012,1012,17,11,1,10,191,software
1013,1013,9,5,6,29,101,software
1014,1014,5,11,7,22,111,software
1015,1015,14,22,2,4,183,retail
1016,1016,14,12,0,11,183,financial
1017,1017,13,29,6,10,146,pharmaceutical
1018,1018,3,25,6,14,175,retail
1019,1019,7,14,1,20,163,software
1020,1020,9,21,1,6,69,realestate
1021,1021,5,4,0,1,129,software
1022,1022,14,20,7,8,185,realestate
1023,1023,5,8,9,12,105,pharmaceutical
1024,1024,10,5,9,15,104,financial
1025,1025,4,16,7,15,158,software
1026,1026,15,21,1,12,186,financial
1027,1027,19,16,3,25,88,realestate
1028,1028,2,13,9,13,212,realestate
1029,1029,17,17,8,3,186,education
1030,1030,13,19,7,29,141,pharmaceutical
1031,1031,7,19,6,5,149,realestate
1032,1032,11,13,4,1,120,software
1033,1033,1,4,9,23,213,realestate
1034,1034,18,7,9,8,100,realestate
1035,1035,13,7,8,19,139,retail
1036,1036,7,1,0,28,160,retail
1037,1037,8,8,9,13,182,financial
1038,1038,6,2,8,15,75,retail
1039,1039,6,26,1,18,62,retail
1040,1040,2,2,2,0,212,realestate
1041,1041,18,7,1,25,53,education
1042,1042,19,11,4,24,89,pharmaceutical
1043,1043,6,4,4,14,73,software
1044,1044,11,7,3,13,125,education
1045,1045,6,16,6,17,39,education
1046,1046,10,13,6,6,122,retail
1047,1047,15,13,1,23,210,realestate
1048,1048,11,13,0,20,92,software
1049,1049,13,25,0,29,87,pharmaceutical
1050,1050,16,2,8,16,152,education
1051,1051,2,28,6,25,218,pharmaceutical
1052,1052,5,28,0,29,100,financial
1053,1053,2,9,4,29,205,retail
1054,1054,13,17,8,28,138,software
1055,1055,11,1,2,28,132,software
1056,1056,9,3,5,17,54,education
1057,1057,6,17,4,8,40,education
1058,1058,6,6,1,16,72,education
1059,1059,9,0,9,0,65,realestate
1060,1060,1,6,7,25,162,financial
1061,1061,6,28,7,8,52,education
1062,1062,19,27,7,23,100,software
1063,1063,19,27,1,27,86,pharmaceutical
1064,1064,7,13,5,7,144,pharmaceutical
1065,1065,0,21,2,14,119,retail
1066,1066,0,26,1,15,123,pharmaceutical
1067,1067,14,19,0,10,184,pharmaceutical
1068,1068,4,18,3,27,164,education
1069,1069,8,19,6,22,186,software
1070,1070,13,13,8,10,129,pharmaceutical
1071,1071,0,9,0,23,123,education
1072,1072,7,15,0,20,123,education
1073,1073,5,27,2,24,123,education
1074,1074,17,12,3,19,197,retail
1075,1075,18,18,5,7,51,pharmaceutical
1076,1076,16,9,0,26,160,realestate
1077,1077,16,12,4,10,154,realestate
1078,1078,7,22,9,13,162,pharmaceutical
1079,1079,15,11,3,23,184,software
1080,1080,4,14,4,21,169,realestate
1081,1081,13,21,7,2,100,education
1082,1082,0,18,9,19,122,financial
1083,1083,18,25,9,23,70,retail
1084,1084,19,3,9,19,80,pharmaceutical
1085,1085,11,1,6,6,99,education
1086,1086,17,4,0,24,199,software
1087,1087,14,13,6,11,185,software
1088,1088,5,2,9,19,92,financial
1089,1089,6,14,0,19,56,retail
1090,1090,18,8,9,28,88,financial
1091,1091,4,0,7,9,133,retail
1092,1092,15,6,9,22,188,pharmaceutical
1093,1093,5,14,8,22,106,software
1094,1094,0,6,1,24,119,realestate
1095,1095,4,19,4,9,154,software
1096,1096,13,0,4,1,115,realestate
1097,1097,14,29,6,14,180,retail
1098,1098,15,1,9,7,193,realestate
1099,1099,9,29,7,17,53,realestate
1100,1100,0,9,8,27,122,retail
1101,1101,16,8,9,29,162,software
1102,1102,0,15,1,15,121,financial
1103,1103,13,19,0,11,92,financial
1104,1104,2,21,6,13,212,software
1105,1105,19,25,9,20,86,education
1106,1106,10,29,3,10,94,realestate
1107,1107,2,25,3,24,199,education
1108,1108,3,10,2,10,205,software
1109,1109,14,14,2,11,191,education
1110,1110,9,8,0,6,54,education
1111,1111,7,16,4,2,162,financial
1112,1112,0,29,6,4,119,financial
1113,1113,1,29,6,13,163,retail
1114,1114,8,1,4,0,110,software
1115,1115,5,21,2,21,95,financial
1116,1116,19,0,7,10,77,realestate
1117,1117,6,16,1,1,42,software
1118,1118,8,11,3,1,207,retail
1119,1119,5,1,0,25,133,financial
1120,1120,4,3,0,23,144,realestate
1121,1121,16,12,9,6,148,realestate
1122,1122,5,16,5,13,129,financial
1123,1123,12,28,2,17,79,financial
1124,1124,3,25,0,2,208,realestate
1125,1125,11,12,8,24,124,software
1126,1126,8,20,5,3,182,retail
1127,1127,16,14,4,29,147,software
1128,1128,7,12,5,23,156,retail
1129,1129,7,2,1,13,155,education
1130,1130,16,5,8,12,155,retail
1131,1131,15,3,5,5,214,realestate
1132,1132,8,14,0,22,142,retail
1133,1133,19,1,4,7,116,financial
1134,1134,11,8,3,2,130,retail
1135,1135,0,16,4,26,119,education
1136,1136,19,23,4,19,105,realestate
1137,1137,5,17,0,7,128,software
1138,1138,1,16,7,18,197,software
1139,1139,4,2,5,9,165,retail
1140,1140,18,26,2,0,54,realestate
1141,1141,5,23,1,28,113,realestate
1142,1142,4,28,4,16,174,retail
1143,1143,18,18,5,9,57,software
1144,1144,14,7,5,7,178,realestate
1145,1145,15,7,5,24,198,retail
1146,1146,15,6,4,23,208,realestate
1147,1147,13,5,2,1,131,software
1148,1148,12,10,8,9,102,retail
1149,1149,7,9,2,17,132,education
1150,1150,12,6,9,26,93,financial
1151,1151,17,3,8,1,204,pharmaceutical
1152,1152,0,27,5,24,123,retail
1153,1153,16,24,9,4,146,software
1154,1154,9,25,8,11,93,realestate
1155,1155,18,12,9,12,102,retail
1156,1156,14,24,6,7,194,education
1157,1157,16,16,0,24,161,software
1158,1158,19,19,3,22,92,education
1159,1159,16,16,9,24,160,software
1160,1160,19,25,0,29,97,pharmaceutical
1161,1161,3,7,8,27,176,pharmaceutical
1162,1162,2,29,6,11,210,financial
1163,1163,18,12,8,12,67,retail
1164,1164,8,5,3,15,127,pharmaceutical
1165,1165,18,14,4,12,71,retail
1166,1166,9,4,0,16,80,financial
1167,1167,18,25,6,17,81,realestate
1168,1168,6,25,4,12,47,software
1169,1169,19,29,7,22,106,financial
1170,1170,18,25,0,11,59,realestate
1171,1171,1,6,2,8,171,education
1172,1172,17,20,1,24,194,financial
1173,1173,4,11,4,27,169,retail
1174,1174,0,12,9,4,121,financial
1175,1175,6,4,8,24,53,realestate
1176,1176,8,5,2,27,205,retail
1177,1177,6,17,0,3,46,realestate
1178,1178,1,6,6,5,193,software
1179,1179,1,19,9,25,184,pharmaceutical
1180,1180,10,9,0,6,135,education
1181,1181,9,27,3,21,62,education
1182,1182,18,0,6,22,86,financial
1183,1183,2,6,4,15,214,financial
1184,1184,19,11,4,19,100,realestate
1185,1185,1,8,9,29,204,software
1186,1186,5,28,7,28,104,retail
1187,1187,16,24,1,3,147,software
1188,1188,19,8,9,6,88,financial
1189,1189,11,16,2,29,133,education
1190,1190,16,20,6,25,155,education
1191,1191,11,16,5,5,125,education
1192,1192,19,28,0,7,73,realestate
1193,1193,9,29,3,2,52,realestate
1194,1194,9,3,2,29,54,realestate
1195,1195,19,0,7,18,91,retail
1196,1196,7,25,4,8,150,realestate
1197,1197,0,8,8,23,121,pharmaceutical
1198,1198,0,14,2,17,119,retail
1199,1199,2,11,0,25,210,retail
1200,1200,7,11,6,28,156,realestate
1201,1201,17,12,9,11,200,pharmaceutical
1202,1202,6,10,1,21,42,education
1203,1203,6,3,0,7,61,software
1204,1204,17,14,9,6,201,pharmaceutical
1205,1205,8,26,7,29,200,software
1206,1206,0,4,9,21,123,software
1207,1207,4,8,0,14,192,realestate
1208,1208,8,28,7,26,200,education
1209,1209,14,9,7,14,197,software
1210,1210,18,21,9,0,53,pharmaceutical
1211,1211,5,4,0,24,113,education
1212,1212,7,15,7,5,135,retail
1213,1213,0,8,5,16,120,pharmaceutical
1214,1214,5,29,6,26,107,software
1215,1215,11,7,2,19,107,retail
1216,1216,15,29,4,4,220,realestate
1217,1217,1,8,5,13,217,education
1218,1218,9,2,9,18,45,financial
1219,1219,0,21,7,19,123,retail
1220,1220,14,21,0,18,187,software
1221,1221,16,19,6,3,148,financial
1222,1222,13,0,6,27,93,retail
1223,1223,11,19,7,24,124,retail
1224,1224,13,1,4,19,113,pharmaceutical
1225,1225,7,14,6,6,159,realestate
1226,1226,14,18,0,14,197,realestate
1227,1227,3,13,5,19,189,pharmaceutical
1228,1228,13,16,3,15,138,pharmaceutical
1229,1229,5,3,2,4,112,software
1230,1230,2,9,1,27,213,retail
1231,1231,14,7,0,4,181,education
1232,1232,10,25,5,7,135,software
1233,1233,19,3,3,27,71,pharmaceutical
1234,1234,4,21,5,15,151,realestate
1235,1235,6,22,6,7,65,financial
1236,1236,13,23,0,6,112,financial
1237,1237,0,10,1,3,120,pharmaceutical
1238,1238,1,29,4,1,231,software
1239,1239,3,10,7,8,177,realestate
1240,1240,4,5,9,26,189,pharmaceutical
1241,1241,10,1,4,3,104,software
1242,1242,15,2,0,17,180,realestate
1243,1243,1,6,5,19,188,software
1244,1244,8,10,6,5,139,software
1245,1245,1,10,5,29,214,financial
1246,1246,3,1,5,0,210,software
1247,1247,13,5,8,2,106,retail
1248,1248,6,28,9,20,77,financial
1249,1249,10,18,7,23,107,pharmaceutical
1250,1250,2,23,8,4,217,realestate
1251,1251,1,7,8,2,161,financial
1252,1252,1,3,8,20,164,pharmaceutical
1253,1253,8,10,4,17,166,pharmaceutical
1254,1254,8,17,8,23,122,education
1255,1255,1,4,2,3,196,retail
1256,1256,12,25,4,9,91,financial
1257,1257,8,3,4,15,140,realestate
1258,1258,16,19,4,3,151,pharmaceutical
1259,1259,17,10,6,23,195,software
1260,1260,7,26,4,19,151,education
1261,1261,6,0,3,12,39,realestate
1262,1262,7,5,5,2,144,retail
1263,1263,11,24,4,28,113,financial
1264,1264,7,25,8,15,154,retail
1265,1265,9,24,0,4,103,realestate
1266,1266,16,20,9,5,157,software
1267,1267,17,15,3,0,203,software
1268,1268,14,27,9,16,181,pharmaceutical
1269,1269,0,13,1,29,123,realestate
1270,1270,7,9,4,23,135,financial
1271,1271,1,9,4,1,211,education
1272,1272,15,21,3,12,215,realestate
1273,1273,0,13,6,11,121,realestate
1274,1274,7,8,2,9,128,realestate
1275,1275,6,29,7,6,85,pharmaceutical
1276,1276,4,20,6,28,149,education
1277,1277,7,0,7,25,129,education
1278,1278,18,21,3,7,78,financial
1279,1279,12,2,9,17,90,pharmaceutical
1280,1280,6,26,8,28,77,software
1281,1281,17,21,8,15,183,education
1282,1282,19,11,1,28,87,financial
1283,1283,7,17,4,12,131,realestate
1284,1284,5,9,5,4,123,software
1285,1285,18,21,9,19,70,retail
1286,1286,18,11,8,11,53,retail
1287,1287,16,4,4,16,161,software
1288,1288,16,11,5,21,153,retail
1289,1289,15,18,3,2,203,financial
1290,1290,15,14,7,6,198,education
1291,1291,17,13,7,6,204,realestate
1292,1292,5,10,6,18,96,education
1293,1293,15,24,4,7,186,education
1294,1294,17,9,0,18,201,education
1295,1295,16,17,3,23,158,realestate
1296,1296,10,2,0,6,89,financial
1297,1297,15,29,0,13,212,software
1298,1298,15,29,7,28,207,realestate
1299,1299,15,29,2,3,191,education
1300,1300,16,21,8,11,157,pharmaceutical
1301,1301,5,15,6,9,140,retail
1302,1302,10,26,7,10,127,realestate
1303,1303,3,16,4,26,206,education
1304,1304,1,6,7,7,210,retail
1305,1305,18,21,9,12,101,education
1306,1306,10,16,1,14,105,financial
1307,1307,14,3,3,2,199,realestate
1308,1308,4,27,5,20,160,software
1309,1309,10,29,8,24,135,education
1310,1310,19,25,7,8,107,pharmaceutical
1311,1311,11,0,8,12,126,pharmaceutical
1312,1312,1,3,8,22,175,realestate
1313,1313,15,12,6,6,196,realestate
1314,1314,4,1,8,6,140,retail
1315,1315,18,11,4,22,84,financial
1316,1316,17,27,9,22,185,realestate
1317,1317,2,20,5,14,208,software
1318,1318,2,0,2,27,214,education
1319,1319,5,0,6,24,132,realestate
1320,1320,8,2,3,13,181,realestate
1321,1321,17,17,7,13,197,realestate
1322,1322,3,2,9,1,177,retail
1323,1323,7,5,3,7,145,software
1324,1324,18,24,5,18,94,realestate
1325,1325,14,11,5,12,181,financial
1326,1326,19,12,0,10,119,realestate
1327,1327,11,20,1,20,110,software
1328,1328,19,4,3,21,83,retail
1329,1329,5,27,7,2,109,pharmaceutical
1330,1330,16,29,4,7,149,financial
1331,1331,12,12,8,22,89,retail
1332,1332,10,18,4,29,140,pharmaceutical
1333,1333,6,27,2,26,58,software
1334,1334,9,2,9,25,48,realestate
1335,1335,0,22,1,2,121,pharmaceutical
1336,1336,9,23,0,8,82,financial
1337,1337,9,24,8,17,88,realestate
1338,1338,8,22,6,8,158,financial
1339,1339,3,22,9,3,173,pharmaceutical
1340,1340,11,6,5,29,98,software
1341,1341,19,18,3,25,76,pharmaceutical
1342,1342,10,3,3,10,112,financial
1343,1343,3,20,7,19,189,education
1344,1344,17,7,1,21,186,pharmaceutical
1345,1345,14,29,1,11,180,realestate
1346,1346,17,21,0,4,196,retail
1347,1347,10,10,7,9,135,retail
1348,1348,2,5,5,2,201,education
1349,1349,9,6,0,9,68,realestate
1350,1350,18,24,4,1,86,retail
1351,1351,4,3,2,8,142,education
1352,1352,14,21,3,15,187,pharmaceutical
1353,1353,2,21,7,3,217,realestate
1354,1354,9,7,4,28,52,pharmaceutical
1355,1355,11,10,3,17,114,realestate
1356,1356,2,7,8,22,215,financial
1357,1357,9,19,3,8,55,software
1358,1358,4,17,6,2,148,pharmaceutical
1359,1359,17,28,8,14,188,software
1360,1360,2,12,7,3,212,retail
1361,1361,10,28,9,11,104,retail
1362,1362,11,27,2,17,110,realestate
1363,1363,17,29,7,24,188,education
1364,1364,17,12,7,10,204,software
1365,1365,0,24,0,10,121,pharmaceutical
1366,1366,18,23,0,7,100,education
1367,1367,13,7,7,12,107,financial
1368,1368,17,27,4,8,189,realestate
1369,1369,9,0,9,0,89,retail
1370,1370,2,21,5,24,211,financial
1371,1371,12,12,0,12,87,software
1372,1372,19,3,1,18,100,software
1373,1373,13,21,4,4,89,retail
1374,1374,7,13,8,6,126,software
1375,1375,16,13,6,25,151,financial
1376,1376,17,5,1,10,195,software
1377,1377,15,4,8,18,210,pharmaceutical
1378,1378,7,5,8,18,130,education
1379,1379,0,26,2,27,119,education
1380,1380,19,1,9,16,100,realestate
1381,1381,10,8,3,11,99,pharmaceutical
1382,1382,8,20,3,12,178,financial
1383,1383,13,2,3,22,114,realestate
1384,1384,9,2,8,7,89,retail
1385,1385,7,12,7,24,133,education
1386,1386,0,8,7,8,123,retail
1387,1387,10,14,2,14,123,pharmaceutical
1388,1388,2,2,7,18,214,software
1389,1389,4,7,9,24,179,retail
1390,1390,1,14,6,23,176,education
1391,1391,5,11,6,5,109,software
1392,1392,19,11,2,14,76,retail
1393,1393,12,6,7,14,103,retail
1394,1394,12,13,6,19,95,education
1395,1395,8,8,4,18,183,retail
1396,1396,8,9,7,17,120,financial
1397,1397,18,14,7,11,91,realestate
1398,1398,19,6,4,22,111,education
1399,1399,6,4,7,21,45,financial
1400,1400,16,3,5,23,154,realestate
1401,1401,10,9,2,12,124,financial
1402,1402,19,14,3,0,92,retail
1403,1403,17,5,7,28,190,education
1404,1404,12,13,8,24,99,retail
1405,1405,17,6,0,0,187,pharmaceutical
1406,1406,13,2,0,26,103,retail
1407,1407,13,9,5,4,96,retail
1408,1408,12,14,1,27,81,pharmaceutical
1409,1409,10,2,5,23,133,financial
1410,1410,1,21,3,27,167,retail
1411,1411,11,17,4,5,97,retail
1412,1412,10,7,2,29,125,realestate
1413,1413,2,29,9,11,217,financial
1414,1414,9,17,5,29,74,pharmaceutical
1415,1415,11,24,9,21,132,software
1416,1416,1,24,4,7,218,software
1417,1417,10,23,3,21,98,software
1418,1418,0,2,3,5,119,retail
1419,1419,18,15,5,4,51,pharmaceutical
1420,1420,18,17,8,26,70,retail
1421,1421,2,10,5,23,205,pharmaceutical
1422,1422,18,23,9,24,54,retail
1423,1423,9,29,9,15,96,financial
1424,1424,19,10,5,13,77,realestate
1425,1425,5,10,2,18,138,retail
1426,1426,16,0,8,3,153,realestate
1427,1427,7,5,6,28,129,pharmaceutical
1428,1428,7,4,9,28,160,retail
1429,1429,8,19,5,22,113,realestate
1430,1430,9,18,1,19,44,education
1431,1431,19,0,7,28,91,retail
1432,1432,2,24,7,14,212,retail
1433,1433,16,0,7,7,155,software
1434,1434,0,11,8,0,122,realestate
1435,1435,14,3,1,3,189,software
1436,1436,15,29,0,26,214,retail
1437,1437,14,12,4,26,197,retail
1438,1438,9,17,5,19,101,pharmaceutical
1439,1439,15,2,3,17,200,realestate
1440,1440,8,7,8,21,122,software
1441,1441,14,18,0,16,187,retail
1442,1442,15,20,6,16,204,education
1443,1443,2,5,7,5,212,financial
1444,1444,7,21,5,16,126,financial
1445,1445,0,1,9,16,119,financial
1446,1446,16,8,7,20,153,pharmaceutical
1447,1447,7,26,1,15,133,financial
1448,1448,14,11,0,23,187,education
1449,1449,12,6,2,24,98,education
1450,1450,5,13,2,27,107,realestate
1451,1451,13,2,8,5,144,software
1452,1452,9,24,2,17,96,realestate
1453,1453,3,29,6,6,210,financial
1454,1454,10,26,1,29,93,financial
1455,1455,6,21,3,21,65,pharmaceutical
1456,1456,12,28,6,2,95,education
1457,1457,10,13,7,14,141,realestate
1458,1458,18,0,5,6,66,realestate
1459,1459,5,2,4,21,119,software
1460,1460,16,26,0,29,147,software
1461,1461,7,21,9,19,141,financial
1462,1462,7,9,1,23,139,software
1463,1463,19,20,7,7,102,financial
1464,1464,19,18,0,12,102,financial
1465,1465,3,22,6,18,176,retail
1466,1466,19,1,5,14,97,software
1467,1467,3,20,9,29,187,realestate
1468,1468,3,22,1,10,212,software
1469,1469,5,22,6,8,123,pharmaceutical
1470,1470,3,27,2,26,167,software
1471,1471,6,3,0,0,72,financial
1472,1472,8,7,2,13,133,software
1473,1473,5,18,0,13,112,education
1474,1474,14,29,0,7,195,pharmaceutical
1475,1475,19,2,4,22,113,realestate
1476,1476,15,24,0,18,220,financial
1477,1477,1,18,4,21,187,pharmaceutical
1478,1478,19,11,3,3,75,software
1479,1479,12,23,0,2,104,education
1480,1480,12,23,8,12,99,retail
1481,1481,4,13,6,3,192,pharmaceutical
1482,1482,12,9,2,24,95,pharmaceutical
1483,1483,2,21,2,23,199,retail
1484,1484,8,10,4,29,172,financial
1485,1485,16,8,5,26,160,financial
1486,1486,10,23,7,1,110,financial
1487,1487,15,27,1,23,214,retail
1488,1488,11,15,5,4,102,education
1489,1489,7,9,0,15,152,retail
1490,1490,14,22,7,28,189,software
1491,1491,10,1,5,21,102,software
1492,1492,16,17,2,29,148,education
1493,1493,6,10,6,5,83,pharmaceutical
1494,1494,11,19,9,9,128,software
1495,1495,18,22,9,7,57,retail
1496,1496,7,14,2,3,129,education
1497,1497,15,9,4,28,211,financial
1498,1498,14,11,9,16,181,financial
1499,1499,17,14,1,17,196,education
1500,1500,13,4,5,13,115,education
1501,1501,13,4,1,29,114,financial
1502,1502,3,14,7,8,190,software
1503,1503,17,3,1,23,189,software
1504,1504,16,23,2,10,160,pharmaceutical
1505,1505,6,0,1,0,62,education
1506,1506,13,9,0,27,139,financial
1507,1507,13,26,4,29,91,pharmaceutical
1508,1508,10,10,3,23,113,retail
1509,1509,0,1,2,17,123,realestate
1510,1510,4,15,3,11,152,software
1511,1511,15,18,4,9,210,education
1512,1512,3,0,6,5,167,education
1513,1513,16,19,3,12,156,realestate
1514,1514,0,4,8,12,119,financial
1515,1515,1,27,4,0,200,software
1516,1516,2,13,4,14,208,software
1517,1517,0,9,4,28,121,software
1518,1518,15,27,1,8,192,financial
1519,1519,2,9,3,15,200,retail
1520,1520,0,24,8,20,119,retail
1521,1521,9,16,1,18,71,pharmaceutical
1522,1522,0,7,0,11,119,financial
1523,1523,14,14,3,14,189,retail
1524,1524,13,12,9,15,114,software
1525,1525,6,22,2,24,63,software
1526,1526,3,20,7,26,166,retail
1527,1527,18,26,1,29,92,financial
1528,1528,14,13,4,5,182,retail
1529,1529,8,17,0,29,206,education
1530,1530,12,7,7,20,84,pharmaceutical
1531,1531,10,9,4,10,91,education
1532,1532,9,25,9,2,50,software
1533,1533,10,22,6,23,156,retail
1534,1534,0,2,3,8,123,retail
1535,1535,1,13,2,27,158,pharmaceutical
1536,1536,12,20,1,29,104,education
1537,1537,0,2,7,3,120,software
1538,1538,8,4,0,5,139,pharmaceutical
1539,1539,9,21,4,8,105,retail
1540,1540,7,23,6,11,147,retail
1541,1541,13,5,1,27,90,realestate
1542,1542,12,13,3,16,83,software
1543,1543,16,20,3,4,155,software
1544,1544,10,12,7,18,94,education
1545,1545,11,17,5,17,116,financial
1546,1546,17,6,4,2,197,pharmaceutical
1547,1547,18,28,5,17,68,realestate
1548,1548,8,21,2,12,121,financial
1549,1549,0,23,4,3,121,education
1550,1550,2,7,5,6,207,education
1551,1551,12,28,1,23,98,realestate
1552,1552,12,22,0,21,100,realestate
1553,1553,6,5,4,21,71,financial
1554,1554,9,0,5,17,105,education
1555,1555,6,11,1,5,63,retail
1556,1556,7,15,4,18,144,financial
1557,1557,18,22,2,28,53,realestate
1558,1558,8,18,8,19,129,retail
1559,1559,13,13,7,22,141,education
1560,1560,12,20,5,5,101,education
1561,1561,9,0,0,15,103,retail
1562,1562,18,22,7,4,86,realestate
1563,1563,8,15,6,24,185,financial
1564,1564,18,17,8,29,91,education
1565,1565,1,16,4,28,198,pharmaceutical
1566,1566,12,19,1,24,80,education
1567,1567,18,1,5,15,70,retail
1568,1568,0,14,3,24,123,pharmaceutical
1569,1569,17,27,9,20,185,software
1570,1570,11,15,3,5,115,education
1571,1571,17,9,1,0,186,education
1572,1572,6,0,2,22,53,software
1573,1573,17,14,8,8,205,education
1574,1574,19,25,4,9,102,software
1575,1575,14,23,8,2,195,pharmaceutical
1576,1576,19,18,2,12,90,software
1577,1577,0,3,5,12,123,retail
1578,1578,8,15,4,14,135,retail
1579,1579,9,28,8,9,80,realestate
1580,1580,13,26,5,14,105,pharmaceutical
1581,1581,2,23,2,2,203,retail
1582,1582,18,5,9,21,80,pharmaceutical
1583,1583,4,7,2,1,191,education
1584,1584,1,8,3,16,156,retail
1585,1585,14,27,5,6,189,financial
1586,1586,0,29,0,11,120,realestate
1587,1587,12,10,0,27,84,education
1588,1588,10,23,3,12,154,financial
1589,1589,6,0,5,16,62,retail
1590,1590,17,28,6,8,201,software
1591,1591,4,12,3,20,185,education
1592,1592,9,8,8,29,51,financial
1593,1593,4,3,4,4,155,pharmaceutical
1594,1594,15,1,1,21,219,realestate
1595,1595,6,7,5,4,86,realestate
1596,1596,8,26,6,18,150,education
1597,1597,5,8,9,3,128,financial
1598,1598,17,10,7,5,200,retail
1599,1599,15,0,1,3,183,financial
1600,1600,19,24,2,9,86,realestate
1601,1601,19,16,3,7,102,pharmaceutical
1602,1602,7,1,7,0,139,education
1603,1603,15,14,3,11,212,education
1604,1604,4,26,5,3,142,retail
1605,1605,3,17,0,3,199,education
1606,1606,13,7,8,7,131,financial
1607,1607,6,12,3,4,81,pharmaceutical
1608,1608,14,16,9,19,178,financial
1609,1609,1,15,9,15,233,financial
1610,1610,0,21,7,4,119,retail
1611,1611,11,25,1,12,133,realestate
1612,1612,18,8,3,11,95,retail
1613,1613,17,13,3,18,203,education
1614,1614,18,21,0,27,73,software
1615,1615,11,9,5,1,98,pharmaceutical
1616,1616,13,7,5,13,144,retail
1617,1617,19,6,9,15,89,software
1618,1618,6,9,5,23,70,pharmaceutical
1619,1619,14,19,5,25,189,pharmaceutical
1620,1620,12,24,0,16,101,software
1621,1621,19,5,8,26,119,software
1622,1622,8,29,8,10,143,software
1623,1623,2,10,0,17,202,realestate
1624,1624,9,14,8,15,73,financial
1625,1625,19,11,4,14,103,software
1626,1626,3,4,0,15,198,realestate
1627,1627,12,29,3,26,93,financial
1628,1628,16,8,1,21,156,pharmaceutical
1629,1629,19,2,9,27,74,pharmaceutical
1630,1630,3,2,7,22,214,realestate
1631,1631,9,12,1,13,44,software
1632,1632,15,27,7,3,211,education
1633,1633,3,17,7,5,213,pharmaceutical
1634,1634,15,0,1,0,219,realestate
1635,1635,6,5,5,25,54,financial
1636,1636,1,9,7,19,233,realestate
1637,1637,3,9,2,18,196,pharmaceutical
1638,1638,5,26,8,20,97,education
1639,1639,16,1,4,2,151,retail
1640,1640,5,18,7,28,125,financial
1641,1641,4,24,5,6,148,financial
1642,1642,17,9,1,18,187,pharmaceutical
1643,1643,19,8,9,10,86,retail
1644,1644,14,9,7,22,178,financial
1645,1645,19,25,1,15,108,realestate
1646,1646,9,1,5,3,65,financial
1647,1647,13,3,6,29,127,software
1648,1648,10,27,7,0,144,education
1649,1649,0,24,3,15,119,pharmaceutical
1650,1650,5,15,1,12,121,retail
1651,1651,3,6,1,13,167,realestate
1652,1652,12,3,6,0,107,realestate
1653,1653,4,14,7,18,187,realestate
1654,1654,15,7,6,2,190,education
1655,1655,0,16,0,19,122,pharmaceutical
1656,1656,4,20,6,15,169,pharmaceutical
1657,1657,8,2,8,9,136,retail
1658,1658,10,4,3,10,124,realestate
1659,1659,19,20,6,9,103,realestate
1660,1660,14,11,6,14,179,realestate
1661,1661,17,25,8,29,191,education
1662,1662,12,4,1,22,100,software
1663,1663,3,20,7,0,184,realestate
1664,1664,7,26,9,11,122,realestate
1665,1665,10,2,3,9,91,education
1666,1666,3,1,9,22,194,realestate
1667,1667,13,5,2,17,130,retail
1668,1668,0,4,5,17,123,financial
1669,1669,6,23,1,4,83,pharmaceutical
1670,1670,4,14,5,21,169,realestate
1671,1671,15,14,9,24,183,software
1672,1672,17,6,3,22,187,software
1673,1673,6,12,4,27,71,financial
1674,1674,16,24,5,14,152,software
1675,1675,12,3,7,25,108,retail
1676,1676,14,2,9,29,182,software
1677,1677,0,3,2,16,122,realestate
1678,1678,0,3,6,23,120,education
1679,1679,13,16,8,17,143,retail
1680,1680,2,27,6,2,205,financial
1681,1681,9,10,4,23,89,realestate
1682,1682,7,19,7,29,142,pharmaceutical
1683,1683,3,6,2,17,183,retail
1684,1684,8,5,0,29,204,education
1685,1685,10,9,0,1,155,financial
1686,1686,3,26,6,6,186,software
1687,1687,14,4,1,14,192,realestate
1688,1688,14,17,9,27,194,realestate
1689,1689,1,22,9,23,222,education
1690,1690,16,20,1,29,148,software
1691,1691,17,25,3,8,193,pharmaceutical
1692,1692,17,4,8,26,186,realestate
1693,1693,18,18,5,8,78,retail
1694,1694,10,22,9,0,108,pharmaceutical
1695,1695,3,22,4,28,214,pharmaceutical
1696,1696,15,16,2,8,213,realestate
1697,1697,18,0,7,25,81,realestate
1698,1698,16,25,4,5,162,financial
1699,1699,15,10,9,26,194,financial
1700,1700,6,23,0,3,45,retail
1701,1701,12,8,1,27,106,education
1702,1702,14,25,3,17,194,retail
1703,1703,0,8,2,20,122,retail
1704,1704,18,1,3,16,64,pharmaceutical
1705,1705,16,12,6,12,148,software
1706,1706,3,6,7,16,178,pharmaceutical
1707,1707,0,5,4,19,120,education
1708,1708,14,3,9,24,181,software
1709,1709,4,19,2,15,164,financial
1710,1710,3,26,9,16,209,education
1711,1711,0,17,3,11,123,pharmaceutical
1712,1712,11,24,1,8,104,pharmaceutical
1713,1713,13,10,3,17,138,pharmaceutical
1714,1714,7,10,7,29,146,financial
1715,1715,2,7,9,28,211,software
1716,1716,8,28,4,9,158,retail
1717,1717,0,19,9,4,121,pharmaceutical
1718,1718,16,6,6,4,157,realestate
1719,1719,11,26,9,3,113,financial
1720,1720,3,0,9,3,171,education
1721,1721,19,18,7,0,81,realestate
1722,1722,10,14,3,3,136,financial
1723,1723,0,20,2,19,122,realestate
1724,1724,6,23,1,8,73,education
1725,1725,12,25,0,5,101,retail
1726,1726,15,8,9,12,199,financial
1727,1727,15,27,4,3,200,software
1728,1728,15,9,9,25,207,financial
1729,1729,8,11,0,16,110,realestate
1730,1730,13,18,6,20,121,retail
1731,1731,1,13,3,9,170,realestate
1732,1732,6,24,1,3,46,retail
1733,1733,7,11,1,16,119,education
1734,1734,19,15,8,1,84,education
1735,1735,19,25,3,17,116,financial
1736,1736,16,27,0,23,147,education
1737,1737,16,8,9,3,156,education
1738,1738,12,0,6,12,90,pharmaceutical
1739,1739,11,9,5,6,99,financial
1740,1740,13,13,0,27,114,financial
1741,1741,4,17,6,19,180,software
1742,1742,9,18,4,15,85,retail
1743,1743,18,14,9,11,91,software
1744,1744,3,9,6,17,185,realestate
1745,1745,2,4,3,4,209,pharmaceutical
1746,1746,14,11,9,21,192,pharmaceutical
1747,1747,8,4,9,5,170,retail
1748,1748,5,10,2,16,107,financial
1749,1749,10,27,3,8,94,financial
1750,1750,14,29,4,29,180,pharmaceutical
1751,1751,4,5,8,10,162,realestate
1752,1752,3,20,5,23,182,pharmaceutical
1753,1753,6,23,1,12,51,retail
1754,1754,19,21,5,4,77,retail
1755,1755,18,16,6,14,98,retail
1756,1756,12,18,7,2,91,software
1757,1757,7,24,3,11,149,retail
1758,1758,13,16,9,29,94,retail
1759,1759,3,20,0,26,189,realestate
1760,1760,15,24,9,24,217,retail
1761,1761,11,3,9,16,140,education
1762,1762,10,13,6,21,154,software
1763,1763,4,17,0,6,172,pharmaceutical
1764,1764,4,1,1,7,180,financial
1765,1765,17,23,6,1,187,retail
1766,1766,3,28,4,10,203,retail
1767,1767,19,17,4,21,97,retail
1768,1768,15,1,8,19,193,education
1769,1769,19,20,6,0,86,education
1770,1770,19,8,0,3,90,financial
1771,1771,7,29,8,27,147,software
1772,1772,7,3,8,7,167,software
1773,1773,12,18,6,10,109,retail
1774,1774,4,21,1,3,172,financial
1775,1775,14,18,9,5,192,pharmaceutical
1776,1776,8,5,9,22,129,financial
1777,1777,2,9,5,2,209,education
1778,1778,3,9,8,15,190,retail
1779,1779,10,25,3,27,98,financial
1780,1780,7,24,4,9,161,financial
1781,1781,5,7,4,26,105,realestate
1782,1782,0,17,8,5,123,realestate
1783,1783,1,20,9,4,175,pharmaceutical
1784,1784,14,28,6,21,199,pharmaceutical
1785,1785,2,15,1,10,214,software
1786,1786,8,16,5,9,122,pharmaceutical
1787,1787,13,24,0,0,145,financial
1788,1788,12,13,6,27,95,software
1789,1789,3,25,1,17,215,education
1790,1790,4,28,2,23,187,software
1791,1791,8,28,8,4,157,retail
1792,1792,0,28,0,4,119,realestate
1793,1793,13,23,4,18,97,retail
1794,1794,15,11,0,11,202,financial
1795,1795,1,18,5,7,219,pharmaceutical
1796,1796,10,7,3,16,152,realestate
1797,1797,10,21,4,15,93,education
1798,1798,13,3,5,3,104,education
1799,1799,13,3,6,12,93,pharmaceutical
1800,1800,3,24,2,22,208,financial
1801,1801,13,27,1,17,132,pharmaceutical
1802,1802,10,3,0,15,138,retail
1803,1803,13,5,0,4,139,financial
1804,1804,5,0,4,9,105,financial
1805,1805,18,25,2,21,99,realestate
1806,1806,18,22,3,17,83,retail
1807,1807,9,23,5,20,82,retail
1808,1808,16,24,4,25,155,education
1809,1809,6,7,4,2,39,realestate
1810,1810,10,26,0,4,140,pharmaceutical
1811,1811,2,11,4,6,199,education
1812,1812,9,10,3,10,55,education
1813,1813,16,1,0,0,162,pharmaceutical
1814,1814,4,3,0,13,164,education
1815,1815,5,22,8,9,92,software
1816,1816,13,20,2,29,123,financial
1817,1817,7,18,7,5,122,pharmaceutical
1818,1818,16,16,2,12,162,realestate
1819,1819,8,12,1,0,201,financial
1820,1820,13,12,1,16,118,pharmaceutical
1821,1821,13,18,7,14,90,software
1822,1822,18,7,9,26,99,financial
1823,1823,6,2,5,19,50,realestate
1824,1824,8,4,0,17,193,pharmaceutical
1825,1825,5,28,7,14,119,retail
1826,1826,9,2,1,0,55,realestate
1827,1827,14,1,2,3,197,software
1828,1828,1,4,2,0,157,software
1829,1829,9,13,0,5,93,software
1830,1830,2,21,1,29,202,pharmaceutical
1831,1831,5,2,5,20,107,education
1832,1832,1,21,7,11,213,software
1833,1833,17,4,6,3,185,pharmaceutical
1834,1834,15,26,5,18,178,pharmaceutical
1835,1835,18,29,6,18,86,retail
1836,1836,15,26,9,0,212,education
1837,1837,13,4,7,27,120,retail
1838,1838,16,1,5,1,159,education
1839,1839,3,10,0,6,186,realestate
1840,1840,2,15,9,16,208,software
1841,1841,6,2,6,10,67,retail
1842,1842,19,22,3,20,88,retail
1843,1843,10,8,8,14,114,financial
1844,1844,3,4,4,11,189,software
1845,1845,4,4,2,19,174,realestate
1846,1846,12,18,4,22,89,software
1847,1847,17,29,9,17,204,realestate
1848,1848,10,7,7,19,117,pharmaceutical
1849,1849,13,14,8,27,107,software
1850,1850,11,29,9,0,117,pharmaceutical
1851,1851,3,16,0,18,178,education
1852,1852,12,2,9,24,81,pharmaceutical
1853,1853,9,19,6,11,68,financial
1854,1854,17,6,2,24,194,realestate
1855,1855,17,29,2,1,187,realestate
1856,1856,12,19,2,14,87,financial
1857,1857,7,20,4,7,125,software
1858,1858,19,9,2,6,80,pharmaceutical
1859,1859,9,10,9,9,73,realestate
1860,1860,0,28,7,7,122,education
1861,1861,10,21,3,28,155,financial
1862,1862,6,20,8,26,45,financial
1863,1863,6,19,7,27,57,financial
1864,1864,15,1,8,9,187,financial
1865,1865,1,27,2,20,225,realestate
1866,1866,9,11,8,9,102,financial
1867,1867,13,0,1,24,102,pharmaceutical
1868,1868,4,5,1,22,187,financial
1869,1869,18,25,2,25,76,education
1870,1870,9,25,3,22,62,education
1871,1871,15,7,5,9,216,retail
1872,1872,17,11,0,24,204,software
1873,1873,2,0,5,5,203,education
1874,1874,6,4,8,19,61,financial
1875,1875,13,5,8,2,111,pharmaceutical
1876,1876,14,8,7,26,187,pharmaceutical
1877,1877,0,9,7,13,122,realestate
1878,1878,8,10,4,21,181,realestate
1879,1879,1,10,2,15,235,retail
1880,1880,18,28,3,17,84,education
1881,1881,19,8,4,13,100,retail
1882,1882,17,18,9,11,201,pharmaceutical
1883,1883,19,24,7,17,95,pharmaceutical
1884,1884,4,23,0,1,135,retail
1885,1885,6,23,7,11,60,realestate
1886,1886,18,27,6,27,91,software
1887,1887,8,8,3,5,175,retail
1888,1888,4,22,9,20,142,retail
1889,1889,14,27,9,3,183,education
1890,1890,13,29,4,9,123,software
1891,1891,1,1,8,14,182,retail
1892,1892,9,7,1,10,90,pharmaceutical
1893,1893,14,1,1,1,178,retail
1894,1894,17,20,8,5,186,financial
1895,1895,1,13,3,21,212,realestate
1896,1896,6,22,0,11,75,realestate
1897,1897,4,18,1,25,130,financial
1898,1898,13,9,8,8,118,retail
1899,1899,2,3,4,22,208,financial
1900,1900,12,19,6,3,110,retail
1901,1901,15,19,2,16,198,financial
1902,1902,11,8,0,21,139,realestate
1903,1903,18,11,2,4,56,software
1904,1904,15,23,6,19,201,financial
1905,1905,10,21,0,25,128,pharmaceutical
1906,1906,0,22,9,13,121,retail
1907,1907,11,17,4,25,112,pharmaceutical
1908,1908,14,4,3,0,199,education
1909,1909,9,4,2,17,45,pharmaceutical
1910,1910,18,3,8,8,63,software
1911,1911,8,21,2,9,148,financial
1912,1912,14,16,8,9,187,education
1913,1913,3,19,3,21,197,retail
1914,1914,19,18,0,4,108,realestate
1915,1915,2,14,1,20,214,financial
1916,1916,6,13,2,23,61,retail
1917,1917,8,3,0,14,116,financial
1918,1918,9,24,6,0,55,realestate
1919,1919,12,18,4,17,102,retail
1920,1920,16,29,5,7,148,education
1921,1921,12,16,9,4,84,realestate
1922,1922,3,1,4,25,185,education
1923,1923,14,8,1,24,196,education
1924,1924,8,15,9,29,186,realestate
1925,1925,12,10,9,29,94,financial
1926,1926,6,17,1,29,66,software
1927,1927,6,21,1,7,52,software
1928,1928,11,21,6,16,108,financial
1929,1929,9,8,9,11,62,pharmaceutical
1930,1930,1,13,0,16,235,retail
1931,1931,9,11,0,9,69,software
1932,1932,16,18,8,17,154,pharmaceutical
1933,1933,4,23,4,15,158,education
1934,1934,12,0,4,25,110,realestate
1935,1935,16,8,1,10,150,education
1936,1936,15,20,3,17,201,retail
1937,1937,6,23,9,20,38,financial
1938,1938,16,0,5,17,153,realestate
1939,1939,4,20,4,17,146,pharmaceutical
1940,1940,14,6,8,22,195,financial
1941,1941,2,3,9,18,199,retail
1942,1942,4,29,0,4,157,software
1943,1943,7,25,7,4,126,software
1944,1944,0,8,6,8,120,education
1945,1945,19,23,7,21,113,realestate
1946,1946,3,29,5,26,177,pharmaceutical
1947,1947,18,2,7,5,66,software
1948,1948,10,4,0,10,100,pharmaceutical
1949,1949,15,13,3,29,208,education
1950,1950,6,3,0,3,73,financial
1951,1951,8,14,8,27,113,realestate
1952,1952,1,1,6,22,191,education
1953,1953,7,18,1,20,154,realestate
1954,1954,14,29,3,17,197,financial
1955,1955,13,5,9,23,117,software
1956,1956,14,23,1,28,193,retail
1957,1957,13,27,6,27,100,realestate
1958,1958,6,5,8,26,46,retail
1959,1959,12,2,0,9,100,education
1960,1960,4,28,9,22,193,retail
1961,1961,14,25,7,0,181,software
1962,1962,11,2,7,5,92,pharmaceutical
1963,1963,14,1,5,3,186,software
1964,1964,0,10,2,26,121,education
1965,1965,0,26,8,23,122,software
1966,1966,13,15,0,13,121,financial
1967,1967,12,1,3,27,110,retail
1968,1968,16,12,4,16,147,software
1969,1969,14,21,2,12,196,realestate
1970,1970,19,0,2,19,105,education
1971,1971,17,18,0,8,192,education
1972,1972,19,0,6,29,109,pharmaceutical
1973,1973,19,15,7,8,103,education
1974,1974,15,5,0,17,213,pharmaceutical
1975,1975,1,4,6,1,205,realestate
1976,1976,13,4,0,9,110,financial
1977,1977,1,2,9,13,221,pharmaceutical
1978,1978,7,22,6,17,164,software
1979,1979,6,12,3,16,51,realestate
1980,1980,14,16,2,25,178,realestate
1981,1981,12,15,9,0,96,realestate
1982,1982,8,16,3,19,168,realestate
1983,1983,17,3,6,20,191,retail
1984,1984,5,7,7,0,129,retail
1985,1985,12,15,0,13,95,realestate
1986,1986,17,12,0,29,183,retail
1987,1987,16,20,6,8,158,software
1988,1988,18,13,4,28,67,pharmaceutical
1989,1989,8,5,6,8,123,retail
1990,1990,1,23,6,5,198,financial
1991,1991,0,22,6,29,123,software
1992,1992,6,7,6,10,82,pharmaceutical
1993,1993,13,8,5,29,121,financial
1994,1994,7,25,4,23,165,pharmaceutical
1995,1995,17,27,6,28,186,software
1996,1996,15,15,5,23,204,financial
1997,1997,7,10,3,3,167,pharmaceutical
1998,1998,6,3,2,23,45,education
1999,1999,7,20,2,11,164,retail
